Name,University,Year
A'Campo Norbert M.L.,University of Basel,2013
Abhyankar Shreeram*,Purdue University,2013
Abikoff William,University of Connecticut - Storrs,2013
Ablowitz Mark J.,University of Colorado - Boulder,2013
Abouzaid Mohammed,Columbia University,2018
Abramovich Dan,Brown University,2017
Achar Pramod N.,Louisiana State University - Baton Rouge,2020
Adams Colin C.,Williams College,2013
Adams Jeffrey,University of Maryland,2013
Adem Alejandro,University of British Columbia,2013
Adler Mark,Brandeis University,2020
Adler Roy*,IBM Research,2013
Agler Jim,University of California - San Diego,2016
Agmon Shmuel,The Hebrew University of Jerusalem,2013
Agol Ian,University of California - Berkeley,2013
Agricola Ilka,Philipps-Universität Marburg,2022
Aizenman Michael,Princeton University,2013
Akhmedov Anar,University of Minnesota-Twin Cities,2020
Aldous David,University of California - Berkeley,2013
Aldroubi Akram,Vanderbilt University,2014
Alexander Stephanie B.,University of Illinois - Urbana-Champaign,2014
Alexeev Valery,University of Georgia,2013
Alladi Krishnaswami,University of Florida,2013
Allcock Daniel,University of Texas at Austin,2013
Allman Elizabeth S.,University of Alaska Fairbanks,2013
Alon Noga,Tel Aviv University,2016
Alperin Jonathan L.,University of Chicago,2013
Ammari Habib,Eidgenössische Technische Hochschule Zürich (ETH Zürich),2022
Andersen Henning Haahr,Centre for Quantum Geometry of Moduli Spaces (QGM) - Aarhus University,2013
Anderson Daniel D.*,University of Iowa,2018
Anderson David F.,University of Tennessee - Knoxville,2013
Anderson Donald W.,University of California - San Diego,2013
Anderson Michael T.,Stony Brook University,2013
Ando Matthew,University of Illinois - Urbana-Champaign,2022
Andrews Benjamin,Australian National University and Tsinghua University,2013
Andrews George E.,Pennsylvania State University,2013
Antieau Benjamin,Northwestern University,2022
Antman Stuart S.,University of Maryland,2013
Apostol Tom M.*,California Institute of Technology,2013
Appel Kenneth I.*,University of Illinois - Urbana-Champaign,2013
Araki Huzihiro,Research Institute for Mathematical Sciences - Kyoto University,2013
Arbarello Enrico,Sapienza - Università di Roma,2013
Arbogast Todd,University of Texas at Austin,2013
Ardila Federico,San Francisco State University,2018
Armentrout Steve*,Pennsylvania State University,2013
Arnold Douglas N.,University of Minnesota-Twin Cities,2013
Aronson Donald G.,University of Minnesota-Twin Cities,2013
Arthur James,University of Toronto,2013
Artin Michael,Massachusetts Institute of Technology,2013
Aschbacher Michael,California Institute of Technology,2013
Aschenbrenner Matthias J.,University of California - Los Angeles,2013
Ash Avner,Boston College,2013
Askey Richard*,University of Wisconsin - Madison,2013
Assani Idris,University of North Carolina at Chapel Hill,2013
Atiyah Sir Michael*,University of Edinburgh,2013
Avramov Luchezar L.,University of Nebraska-Lincoln,2013
Axler Sheldon,San Francisco State University,2013
Babbitt Donald*,University of California - Los Angeles,2014
Bade William*,University of California - Berkeley,2013
Baez John,University of California - Riverside,2022
Baeza Ricardo,Instituto de Matematicas - Universidad de Talca,2013
Baker Alan*,University of Cambridge,2013
Baker Matthew,Georgia Institute of Technology,2013
Bal Guillaume,Columbia University,2017
Balaban David J.,Amgen,2013
Balakrishnan Jennifer S.,Boston University,2022
Balasubramanian R.,The Institute of Mathematical Sciences - Chennai - India,2013
Baldwin John T.,University of Illinois at Chicago,2017
Ball Deborah Loewenberg,University of Michigan,2013
Ball John,University of Oxford,2013
Ball Joseph A.,Virginia Polytechnic Institute and State University,2019
Ball Keith,University of Warwick,2013
Balmer Paul,University of California - Los Angeles,2013
Banchoff Thomas,Brown University,2013
Bannai Eiichi,Shanghai Jiao Tong University,2013
Bañuelos Rodrigo,Purdue University,2014
Bao Gang,Zhejiang University,2021
Bao Weizhu,National University of Singapore,2022
Barany Imre,Alfréd Rényi Institute of Mathematics - Hungarian Academy of Sciences,2013
Baras John S.,University of Maryland,2019
Barcelo Hélène,Mathematical Sciences Research Institute,2018
Barge Marcy,Montana State University,2013
Barlow Martin Thomas,University of British Columbia,2013
Barrett David E.,University of Michigan,2013
Barrett Lida K.*,,2013
Barvinok Alexander,University of Michigan,2013
Basor Estelle,American Institute of Mathematics,2018
Bass Hyman,University of Michigan,2013
Bass Richard F.,University of Connecticut - Storrs,2013
Basu Saugata,Purdue University,2019
Bates Peter W.,Michigan State University,2013
Baum Paul Frank,Pennsylvania State University,2013
Bauman Patricia,Purdue University,2013
Baumslag Gilbert*,The City University of New York - The Graduate Center and  The City College,2013
Bayer-Fluckiger Eva,Ecole Polytechnique Fédérale de Lausanne (EPFL),2022
Beale J. Thomas,Duke University,2013
Beauville Arnaud,University of Nice,2013
Beckner William,University of Texas at Austin,2013
Bedford Eric,Indiana University - Bloomington,2013
Behrend Kai,University of British Columbia,2018
Behrstock Jason,The City University of New York - The Graduate Center and  Lehman College,2013
Belkale Prakash,University of North Carolina at Chapel Hill,2015
Bell Jason P.,University of Waterloo,2021
Bell Steven R.,Purdue University,2013
Bellissard Jean V.,Georgia Institute of Technology,2013
Bellow Alexandra,Northwestern University,2017
Ben-Zvi David,University of Texas at Austin,2013
Benedetto John J.,University of Maryland,2015
Benjamin Arthur T.,Harvey Mudd College,2013
Benkart Georgia*,University of Wisconsin - Madison,2013
Bennett Michael,University of British Columbia,2020
Benson David J.,University of Aberdeen,2013
Bensoussan Alain,University of Texas at Dallas,2013
Benzi Michele,Emory University,2018
Bercovici Hari,Indiana University - Bloomington,2014
Berestycki Henri,Ecole des hautes études en sciences sociales (EHESS),2013
Bergelson Vitaly,Ohio State University - Columbus,2013
Berger Bonnie,Massachusetts Institute of Technology,2019
Bergman George Mark,University of California - Berkeley,2013
Berhanu Shiferaw,Temple University,2016
Berkovich Vladimir,Weizmann Institute of Science,2013
Berlekamp Elwyn*,University of California - Berkeley,2013
Berndt Bruce C.,University of Illinois - Urbana-Champaign,2013
Bernstein Joseph,Tel Aviv University,2013
Berriozábal Manuel Phillip,University of Texas at San Antonio,2013
Bertozzi Andrea L.,University of California - Los Angeles,2013
Bertram Aaron,University of Utah,2017
Bertram Edward,University of Hawaii at Manoa,2013
Bestvina Mladen,University of Utah,2013
Beylkin Gregory,University of Colorado - Boulder,2013
Bhargava Manjul,Princeton University,2013
Bhatt Bhargav,University of Michigan,2021
Bierstone Edward,The Fields Institute and University of Toronto,2013
Bigelow Stephen,University of California - Santa Barbara,2013
Billera Louis J.,Cornell University,2013
Billey Sara C.,University of Washington,2013
Birch Bryan,Mathematical Institute - Oxford University,2013
Birman Joan S.,Barnard College - Columbia University,2013
Bisch Dietmar,Vanderbilt University,2013
Bishop Christopher J.,Stony Brook University,2019
Bishop Richard L.*,University of Illinois - Urbana-Champaign,2013
Blanchard Paul,Boston University,2013
Blasius Don,University of California - Los Angeles,2018
Blass Andreas R.,University of Michigan,2015
Blattner Robert J.*,University of California - Los Angeles,2013
Bloch Anthony Michael,University of Michigan,2013
Bloch Spencer J.,,2013
Block Richard E.,University of California - Riverside,2013
Blum Lenore,Carnegie Mellon University,2013
Blumberg Andrew J.,Columbia University,2022
Boardman J. Michael*,Johns Hopkins University - Baltimore,2013
Boas Harold P.,Texas A&M University,2013
Bollobas Bela,University of Memphis and University of Cambridge,2013
Bona Jerry L.,University of Illinois at Chicago,2013
Bonahon Francis,University of Southern California,2013
Boneh Dan,Stanford University,2021
Bonk Mario,University of California - Los Angeles,2013
Borcherds Richard E.,University of California - Berkeley,2013
Borgs Christian,Microsoft Research,2014
Borisov Lev,Rutgers The State University of New Jersey New Brunswick,2018
Borkar Vivek Shripad,Indian Institute of Technology,2013
Borwein Jonathan Michael*,University of Newcastle,2015
Bost Jean-Benoit,Université Paris-Sud (Paris XI),2013
Boston Nigel,University of Wisconsin - Madison,2013
Bottazzini Umberto,Università degli Studi di Milano,2013
Bourgade Paul,New York University - Courant Institute,2020
Bousfield Aldridge*,University of Illinois at Chicago,2018
Boutet de Monvel Anne,Université de Paris,2022
Bowen Lewis,University of Texas at Austin,2013
Boyd David William,University of British Columbia,2013
Boyer Charles P.,University of New Mexico,2013
Bozeman Sylvia T.,Spelman College,2013
Bradlow Steven,University of Illinois - Urbana-Champaign,2018
Bramson Maury,University of Minnesota-Twin Cities,2015
Branner Bodil,Technical University of Denmark,2013
Bray Hubert L.,Duke University,2013
Breen Marilyn,University of Oklahoma,2013
Brendle Tara E.,University of Glasgow,2020
Brenner Susanne C.,Louisiana State University - Baton Rouge,2013
Bressan Alberto,Pennsylvania State University,2013
Bressoud David M.,Macalester College,2013
Brezis Haim,Rutgers The State University of New Jersey New Brunswick and Technion - Israel Institute of Technology,2013
Bridgeman Martin,Boston College,2019
Bridson Martin Robert,University of Oxford,2015
Brock Jeffrey,Brown University,2017
Brockett Roger Ware,Harvard University,2013
Bromberg Kenneth,University of Utah,2013
Broué Michel,Université Paris-Diderot and Institut Universitaire de France,2013
Browder Felix E.*,Rutgers The State University of New Jersey New Brunswick,2013
Browder William,Princeton University,2013
Brown Edgar H.*,Brandeis University,2013
Brown Ken A.,University of Glasgow,2020
Brown Kenneth S.,Cornell University,2013
Brown Morton,University of Michigan,2013
Brownawell W. Dale,Pennsylvania State University,2013
Brualdi Richard A.,University of Wisconsin - Madison,2013
Bruckner Andrew M.,University of California - Santa Barbara,2013
Brundan Jonathan,University of Oregon,2021
Bryan Jim,The University of British Columbia,2017
Bryant John L.,Florida State University,2013
Bryant Robert L.,University of California - Berkeley,2013
Buchsbaum David A.,Brandeis University,2013
Buhler Joe P.,Center for Communications Research - La Jolla and Reed College,2013
Buium Alexandru,University of New Mexico,2016
Bump Daniel,Stanford University,2015
Burdzy Krzysztof,University of Washington,2013
Burger Edward B.,Williams College,2013
Burger Marc,Eidgenössische Technische Hochschule Zürich (ETH Zürich),2013
Bürgisser Peter,Institute of Mathematics - University of Paderborn,2013
Burkholder Donald L.*,University of Illinois - Urbana-Champaign,2013
Burns Jr.,University of Michigan,2013
Bushnell Colin J.*,King's College London,2013
Cabre Xavier,Institució Catalana de Recerca i Estudis Avançats (ICREA) and Universitat Politecnica de Catalunya,2013
Caffarelli Luis A.,University of Texas at Austin,2013
Caflisch Russel E.,University of California - Los Angeles,2013
Cakoni Fioralba,Rutgers The State University of New Jersey New Brunswick,2019
Calabi Eugenio,University of Pennsylvania,2013
Calderbank Robert,Duke University,2013
Calderer Maria-Carme,University of Minnesota-Twin Cities,2013
Calegari Danny,University of Chicago,2013
Calegari Francesco,Northwestern University,2014
Canary Richard,University of Michigan,2015
Candès Emmanuel,Stanford University,2018
Canic Suncica,University of California - Berkeley,2020
Cannon James W.,Brigham Young University,2013
Cantor David*,University of California - Los Angeles,2013
Cantrell James C.,University of Georgia,2013
Cappell Sylvain E.,New York University - Courant Institute,2013
Caraiani Ana,Imperial College,2020
Carbery Anthony,University of Edinburgh,2020
Carlen Eric Anders,Rutgers The State University of New Jersey New Brunswick,2016
Carleson Lennart,KTH Royal Institute of Technology,2013
Carlson Jon F.,University of Georgia,2013
Carlsson Gunnar,Stanford University,2017
Carmona Rene,Princeton University,2021
Carrell James B.,University of British Columbia,2013
Cartier Pièrre Èmile,Institut des Hautes Etudes Scientifiques (IHES),2013
Casselman William Allen,University of British Columbia,2013
Castillo-Chavez Carlos,Arizona State University,2013
Castro Alfonso,Harvey Mudd College,2015
Cattaneo Alberto S.,Universität Zürich,2013
Ceniceros Hector D.,University of California - Santa Barbara,2019
Chan Melody,Brown University,2022
Chan Raymond Hon-fu,City University of Hong Kong,2021
Chandrasekharan Komaravolu*,Eidgenössische Technische Hochschule Zürich (ETH Zürich),2013
Chang Mei-Chu,University of California - Riverside,2017
Chang Sun-Yung Alice,Princeton University,2016
Chanillo Sagun,Rutgers The State University of New Jersey New Brunswick,2017
Chapman Scott T.,Sam Houston State University,2017
Chari Vyjayanthi,University of California - Riverside,2016
Charney Ruth,Brandeis University,2013
Châu Ngô Bảo,University of Chicago,2013
Chayes Jennifer T.,Microsoft Research,2013
Cheeger Jeff,New York University - Courant Institute,2013
Chen Gui-Qiang G.,University of Oxford and Keble College,2017
Chen Jungkai Alfred,National Taiwan University,2017
Chen Mu-Fa,Beijing Normal University,2013
Chen Thomas,University of Texas at Austin,2020
Chen Xiuxiong,Stony Brook University,2015
Chen Zhen-Qing,University of Washington,2014
Chenciner Alain,Institut de Mecanique Celeste et de Calcul des Ephemerides (IMCCE) and Université Paris-Diderot,2013
Cheney Jr.,University of Texas at Austin,2013
Cheng Shiu-Yuen,Hong Kong University of Science and Technology,2013
Chéritat Arnaud,CNRS - Institut de Mathématiques de Toulouse,2013
Cherlin Gregory,Rutgers The State University of New Jersey New Brunswick,2013
Chernoff Herman,Harvard University,2013
Chernoff Paul*,University of California - Berkeley,2013
Chernov Nikolai*,University of Alabama at Birmingham,2015
Choie YoungJu,Pohang University of Science and Technology (POSTECH),2013
Chorin Alexandre J.,University of California - Berkeley,2013
Christ Michael,University of California - Berkeley,2021
Christodoulou Demetrios,Eidgenössische Technische Hochschule Zürich (ETH Zürich),2013
Chung Fan,University of California - San Diego,2013
Ciarlet Philippe G.,City University of Hong Kong and Université Pierre et Marie Curie (Paris VI),2013
Ciucu Mihai,Indiana University - Bloomington,2017
Clapp Mónica,Universidad Nacional Autónoma de México,2013
Cochran Tim D.*,Rice University,2014
Cogdell James W.,Ohio State University - Columbus,2013
Cohen Frederick R.*,University of Rochester,2013
Cohen Joel M.,University of Maryland,2013
Cohen Miriam,Ben Gurion University of the Negev,2017
Cohen Ralph L.,Stanford University,2013
Cohn Harvey*,The City University of New York - The City College,2013
Cohn Henry,Microsoft Research,2015
Colliot-Thélène Jean-Louis,Université Paris-Sud (Paris XI),2013
Comfort W. Wistar*,Wesleyan University,2013
Conder Marston D. E.,University of Auckland,2013
Conlon Joseph G.,University of Michigan,2013
Connelly Robert,Cornell University,2013
Conner Jr.,Louisiana State University - Baton Rouge,2013
Conrey J. Brian,American Institute of Mathematics,2016
Constantin Peter,Princeton University,2013
Cook William J.,Georgia Institute of Technology,2013
Cooper Daryl,University of California - Santa Barbara,2013
Copeland Arthur Herbert*,University of New Hampshire,2013
Cortez Ricardo,Tulane University,2021
Corwin Ivan,Columbia University,2022
Coskun Izzet,University of Illinois at Chicago,2018
Costin Ovidiu,Ohio State University - Columbus,2020
Cox David A.,Amherst College,2013
Craig Walter*,McMaster University and The Fields Institute,2013
Crandall Michael G.,University of California - Santa Barbara,2013
Crawley-Boevey William,University of Leeds,2013
Cronin-Scanlon Jane*,Rutgers The State University of New Jersey New Brunswick,2013
Crowley James M.,Society for Industrial and Applied Mathematics (SIAM ),2013
Culler Marc,University of Illinois at Chicago,2015
Cuntz Joachim,Muenster University,2013
Curtis Charles W.,University of Oregon,2013
Cushing Jim Michael,University of Arizona,2013
Cutkosky Steven Dale,University of Missouri-Columbia,2016
D'Angelo John P.,University of Illinois - Urbana-Champaign,2014
Dafermos Constantine M.,Brown University,2013
Dafermos Mihalis,Princeton University,2016
Damanik David,Rice University,2013
Damon James N.,University of North Carolina at Chapel Hill,2013
Danielli Donatella,Purdue University,2017
Dasgupta Samit,Duke University,2022
Daubechies Ingrid,Duke University,2013
Daverman Robert,University of Tennessee - Knoxville,2013
Davis Chandler*,University of Toronto,2013
Davis Donald M.,Lehigh University,2013
Davis James,Indiana University - Bloomington,2018
Davis Martin D.,New York University - Courant Institute,2013
Davis Michael W.,Ohio State University - Columbus,2015
Dawson Donald A.,Carleton University,2013
de Branges de Bourcia Louis,Purdue University,2013
De Cataldo Mark Andrea,Stony Brook University,2019
de Fernex Tommaso,University of Utah,2019
de Pillis Lisette,Harvey Mudd College,2016
Deift Percy,New York University - Courant Institute,2013
Delbaen Freddy,Eidgenössische Technische Hochschule Zürich (ETH Zürich),2013
DeLoera Jesus A.,University of California - Davis,2015
DeMarco Laura,University of Illinois at Chicago,2013
Demmel James W.,University of California - Berkeley,2013
Demyanov Vladimir F.*,Saint Petersburg State University,2013
den Hollander Frank,Mathematical Institute - Leiden University,2013
Dencker Nils,Lund University,2013
Deninger Christopher,Westfälische Wilhelms-Universität Münster,2013
Dennis R. Keith,Cornell University,2013
Derksen Harm,Northeastern University,2022
DeTurck Dennis,University of Pennsylvania,2013
Devadoss Satyan L.,Williams College,2013
Devaney Robert L.,Boston University,2013
Devlin Keith,Stanford University,2013
DeVore Ronald A.,Texas A&M University,2013
Diaconis Persi W.,Stanford University,2013
Diamond Harold G.,University of Illinois - Urbana-Champaign,2013
Dickenstein Alicia,University of Buenos Aires,2019
Dijkgraaf Robbert,Institute for Advanced Study,2013
do Carmo Manfredo P.*,Instituto de Matematica Pura e Aplicada (IMPA),2013
Donagi Ron Y.,University of Pennsylvania,2013
Donaldson Simon,Imperial College,2013
Donnelly Harold Gerard,Purdue University,2013
Donoho David L.,Stanford University,2013
Doplicher Sergio,Sapienza - Università di Roma,2013
Dorff Michael,Brigham Young University,2013
Douglas Jr.,Purdue University,2013
Douglas Michael R.,Stony Brook University,2013
Douglas Ronald G.*,Texas A&M University,2013
Downey Rodney G.,Victoria University of Wellington,2013
Dranishnikov Alexander,University of Florida,2013
Driver Bruce K.,University of California - San Diego,2013
Du Qiang,Columbia University,2020
du Sautoy Marcus,University of Oxford,2013
Duchin Moon,Tufts University,2017
Dudley Richard M.*,Massachusetts Institute of Technology,2013
Duke William,University of California - Los Angeles,2016
Dumitriu Ioana,University of Washington,2013
Dunfield Nathan M.,University of Illinois - Urbana-Champaign,2013
Dupuis Paul,Brown University,2015
Duren Peter*,University of Michigan,2013
Durfee Alan,Mount Holyoke College,2013
Durrett Richard,Duke University,2013
Dwyer William G.,University of Notre Dame,2013
Dykema Kenneth J.,Texas A&M University,2020
Dynkin Eugene B.*,Cornell University,2013
E Weinan,Princeton University,2013
Earle Jr.,Cornell University,2013
Eastwood Michael,Australian National University,2013
Ebenfelt Peter,University of California - San Diego,2018
Eberlein Patrick,University of North Carolina at Chapel Hill,2013
Ebin David G.,Stony Brook University,2013
Eckmann Jean-Pierre,Université de Genève,2013
Edelman Alan,Massachusetts Institute of Technology,2015
Edwards C. Henry,University of Georgia,2013
Edwards Harold M.*,New York University - Courant Institute,2013
Edwards Robert D.,University of California - Los Angeles,2013
Efendiev Yalchin,Texas A&M University,2017
Effros Edward G.*,University of California - Los Angeles,2014
Ein Lawrence,University of Illinois at Chicago,2013
Eisenbud David,University of California - Berkeley,2013
Eisenträger Kirsten,Pennsylvania State University,2017
Eliashberg Yakov,Stanford University,2013
Ellenberg Jordan S.,University of Wisconsin - Madison,2013
Ellingham Mark N.,Vanderbilt University,2013
Elliott George Arthur,University of Toronto,2013
Ellis Robert*,University of Minnesota-Twin Cities,2013
Elman Richard S.,University of California - Los Angeles,2013
Engl Heinz W.,Universität Wien,2013
Epstein Charles L.,University of Pennsylvania,2015
Epstein David B.A.,University of Warwick,2013
Erdös László,Institute of Science and Technology - Austria,2022
Eremenko Alexandre,Purdue University,2014
Eskin Alex,University of Chicago,2013
Eskin Gregory I.,University of California - Los Angeles,2014
Etingof Pavel,Massachusetts Institute of Technology,2013
Etnyre John,Georgia Institute of Technology,2013
Evans Lawrence C.,University of California - Berkeley,2013
Evans Steven N.,University of California - Berkeley,2013
Ewing John H.,Math for America,2013
Fadell Edward*,University of Wisconsin - Madison,2013
Falk Richard S.,Rutgers The State University of New Jersey New Brunswick,2019
Faraut Jacques,Université Pierre et Marie Curie (Paris VI),2013
Farb Benson,University of Chicago,2013
Fauci Lisa J.,Tulane University,2020
Feehan Paul M. N.,Rutgers The State University of New Jersey New Brunswick,2019
Feferman Solomon*,Stanford University,2013
Fefferman Robert,University of Chicago,2022
Feighn Mark,Rutgers The State University of New Jersey Newark,2017
Fein Burton,Oregon State University,2013
Felder Giovanni,Eidgenössische Technische Hochschule Zürich (ETH Zürich),2013
Feng Zhilan,Purdue University and National Science Foundation,2022
Ferguson Samuel L.P.,National Security Agency,2013
Fernandes Rui Loja,University of Illinois - Urbana-Champaign,2017
Ferrini-Mundy Joan,National Science Foundation,2018
Ferry Steven C.,Rutgers The State University of New Jersey New Brunswick,2014
Field Michael,Rice University,2013
Fife Paul*,University of Utah,2013
Figiel Tadeusz,Polish Academy of Sciences,2013
Fill James Allen,Johns Hopkins University - Baltimore,2015
Fintushel Ronald,Michigan State University,2013
Fisher David,Indiana University - Bloomington,2013
Fitzsimmons Patrick J.,University of California - San Diego,2014
Flapan Erica,Pomona College,2013
Flaschka Hermann,University of Arizona,2013
Flatto Leopold,The City University of New York - The City College,2013
Fleming Wendell H.,Brown University,2013
Folland Gerald B.,University of Washington,2013
Fomin Sergey,University of Michigan,2013
Fong Paul,University of Illinois at Chicago,2013
Fonseca Irene,Carnegie Mellon University,2013
Ford Kevin B.,University of Illinois - Urbana-Champaign,2013
Formanek Edward W.,Pennsylvania State University,2013
Fornaess John Erik,Norwegian University of Science and Technology,2016
Forni Giovanni,University of Maryland,2013
Fossum Robert,University of Illinois - Urbana-Champaign,2013
Franks John M.,Northwestern University,2013
Fraser Ailana M.,University of British Columbia,2013
Fraser Donald A.S.*,University of Toronto,2015
Freed Daniel S.,University of Texas at Austin,2013
Freedman Michael H.,Microsoft Research,2013
Freidlin Mark,University of Maryland,2013
Frenkel Edward,University of California - Berkeley,2014
Freyd Peter,University of Pennsylvania,2013
Fried David,Boston University,2013
Fried Michael D.,University of California - Irvine,2013
Friedberg Solomon,Boston College,2014
Friedland Shmuel,University of Illinois at Chicago,2019
Friedlander Eric M.,University of Southern California,2013
Friedlander John B.,University of Toronto,2013
Friedlander Susan,University of Southern California,2013
Friedman Avner,Ohio State University - Columbus,2013
Frieze Alan,Carnegie Mellon University,2013
Fröhlich Jürg M.,Eidgenössische Technische Hochschule Zürich (ETH Zürich),2013
Fuchs Laszlo,Tulane University,2013
Fuglede Bent,Københavns Universitet,2013
Fukushima Masatoshi,Osaka University,2013
Fulton William,University of Michigan,2013
Furman Alexander,University of Illinois at Chicago,2016
Gabai David,Princeton University,2013
Gaboriau Damien,CNRS - École Normale Supérieure de Lyon,2013
Gabrielov Andrei,Purdue University,2016
Galatius Soren,Stanford University,2013
Gallian Joseph A.,University of Minnesota-Duluth,2013
Gamarnik David,Massachusetts Institute of Technology,2022
Gamba Irene M.,University of Texas at Austin,2013
Gamelin Theodore,University of California - Los Angeles,2013
Gangbo Wilfrid Dossou,Georgia Institute of Technology,2013
Gangolli Ramesh,University of Washington,2013
Garcia Stephan Ramon,Pomona College,2019
Garcia Puente Luis David,Colorado College,2022
Gardner Richard J.,Western Washington University,2014
Garibaldi Skip,Center for Communications Research - La Jolla,2019
Garland Howard,Yale University,2013
Garnett John B.,University of California - Los Angeles,2013
Garsia Adriano M.,University of California - San Diego,2013
Gee Toby,Imperial College,2014
Gelbart Steve,Weizmann Institute of Science,2014
Geman Stuart Alan,Brown University,2013
Gerstenhaber Murray,University of Pennsylvania,2013
Gessel Ira M.,Brandeis University,2013
Gesztesy Fritz,University of Missouri-Columbia,2013
Getoor Ronald K.*,University of California - San Diego,2013
Getzler Ezra,Northwestern University,2013
Ghoussoub Nassif,The University of British Columbia,2013
Giga Yoshikazu,University of Tokyo,2013
Gilkey Peter B.,University of Oregon,2013
Gilman Jane Piore,Rutgers The State University of New Jersey Newark,2014
Gilmer Robert,Florida State University,2013
Ginzburg Viktor L.,University of California - Santa Cruz,2020
Gitik Moti,Tel Aviv University,2013
Gitler Samuel*,El Colegio Nacional,2013
Glassey Robert,Indiana University - Bloomington,2013
Glauberman George,University of Chicago,2013
Glimm James,Stony Brook University,2013
Glowinski Roland,University of Houston and Université Pierre et Marie Curie (Paris VI),2013
Goemans Michel X.,Massachusetts Institute of Technology,2013
Goerss Paul G.,Northwestern University,2014
Goettsche Lothar,The Abdus Salam International Centre for Theoretical Physics,2013
Golden Kenneth M.,University of Utah,2013
Goldfeld Dorian,Columbia University,2013
Goldin Rebecca F.,George Mason University,2019
Goldman William Mark,University of Maryland,2013
Goldschmidt David M.,University of California - Berkeley,2013
Goldstein Jerome A.,University of Memphis,2014
Goldston Daniel A.,San Jose State University,2021
Golomb Solomon*,University of Southern California,2013
Golubitsky Martin,Ohio State University - Columbus,2013
Gompf Robert E.,University of Texas at Austin,2013
Gonek Steven M.,University of Rochester,2020
Goodearl Kenneth R.,University of California - Santa Barbara,2013
Goodman Jacob Eli,The City University of New York - The City College,2013
Goodwillie Thomas G.,Brown University,2013
Gordon Carolyn S.,Dartmouth College,2013
Goresky Mark,Institute for Advanced Study,2013
Gorostiza Luis G.,Centro de Investigación y de Estudios Avanzados del Instituto Politécnico Nacional (CINVESTAV),2013
Goss David*,Ohio State University - Columbus,2013
Grabiner Judith Victor,Pitzer College,2013
Graham C. Robin,University of Washington,2013
Graham Ronald*,University of California - San Diego,2013
Granville Andrew,Université de Montréal,2013
Grassi Antonella,University of Pennsylvania,2018
Gray Jeremy John,Open University - U.K.,2013
Gray Mary W.,American University,2013
Green Ben Joseph,University of Cambridge,2013
Green Edward L.,Virginia Polytechnic Institute and State University,2013
Green Mark L.,University of California - Los Angeles,2013
Greenberg Ralph,University of Washington,2013
Greene Curtis,Haverford College,2013
Greenleaf Allan,University of Rochester,2015
Greenlees John,University of Warwick,2021
Griess Jr.,University of Michigan,2013
Griffiths Phillip A.,Institute for Advanced Study,2013
Grigorchuk Rostislav,Texas A&M University,2013
Grodal Jesper,University of Copenhagen,2018
Gross Benedict H.,Harvard University,2013
Gross Kenneth I.*,University of Vermont,2013
Gross Leonard,Cornell University,2013
Grove Karsten,University of Notre Dame,2015
Groves Daniel,University of Illinois at Chicago,2019
Gruber Peter M.*,Vienna University of Technology,2014
Grunbaum Branko*,University of Washington,2013
Grushevsky Samuel,Stony Brook University,2022
Guckenheimer John,Cornell University,2013
Guermond Jean-Luc,Texas A&M University,2021
Gui Changfeng,University of Connecticut - Storrs,2013
Guillemin Victor,Massachusetts Institute of Technology,2013
Gundy Richard F.,Rutgers The State University of New Jersey New Brunswick,2013
Gunning Robert C.,Princeton University,2013
Guo Yan,Brown University,2017
Guralnick Robert M.,University of Southern California,2013
Gursky Matthew J.,University of Notre Dame,2015
Guth Larry,Massachusetts Institute of Technology,2019
Gutierrez Cristian E.,Temple University,2018
Hacon Christopher D.,University of Utah,2013
Haglund James,University of Pennsylvania,2013
Haiman Mark,University of California - Berkeley,2013
Hain Richard M.,Duke University,2013
Hairer Martin,University of Warwick,2016
Hajlasz Piotr,University of Pittsburgh,2017
Hajnal András*,Alfréd Rényi Institute of Mathematics - Hungarian Academy of Sciences,2013
Halberstam Heini*,University of Illinois - Urbana-Champaign,2013
Hales Alfred W.,Center for Communications Research - La Jolla and University of California - Los Angeles,2013
Hales Thomas C.,University of Pittsburgh,2013
Hall Jonathan I.,Michigan State University,2013
Hamenstädt Ursula,Rheinische Friedrich-Wilhelms-Universität Bonn,2013
Handel Michael,The City University of New York - The Graduate Center and  Lehman College,2014
Hansen Vagn Lundsgaard,Technical University of Denmark,2013
Harbater David,University of Pennsylvania,2013
Harbourne Brian,University of Nebraska-Lincoln,2022
Hardt Robert M.,Rice University,2015
Harris Michael,Columbia University,2019
Harris Pamela E.,Williams College,2022
Hartmanis Juris,Cornell University,2013
Hartshorne Robin,University of California - Berkeley,2013
Harvey Shelly,Rice University,2013
Hass Joel,University of California - Davis,2013
Hasselblatt Boris,Tufts University,2021
Hassett Brendan,Brown University,2014
Håstad Johan,KTH Royal Institute of Technology,2013
Hauenstein Jonathan D.,University of Notre Dame,2022
Hawkins Jane M.,University of North Carolina at Chapel Hill,2013
Hawkins Thomas,Boston University,2013
Heath-Brown D.R.,Mathematical Institute - Oxford University,2013
Heins Maurice H.*,University of Maryland,2013
Heitmann Raymond C.,University of Texas at Austin,2013
Hejhal Dennis,University of Minnesota-Twin Cities,2013
Helfgott Harald Andrés,Mathematics Institute - Georg-August University Göttingen and CNRS,2019
Helgason Sigurdur,Massachusetts Institute of Technology,2013
Hellerstein Simon,University of Wisconsin - Madison,2013
Helminck Aloysius G.,North Carolina State University,2015
Helton J. William,University of California - San Diego,2013
Hempel John*,Rice University,2013
Henderson Johnny L.,Baylor University,2013
Herb Rebecca A.,University of Maryland,2013
Herbst Ira W.,University of Virginia,2013
Hermiller Susan,University of Nebraska-Lincoln,2019
Hernandez-Lerma Onesimo,Centro de Investigación y de Estudios Avanzados del Instituto Politécnico Nacional (CINVESTAV),2013
Hersh Patricia,North Carolina State University,2016
Hess Kathryn,Ecole Polytechnique Fédérale de Lausanne (EPFL),2017
Hesselholt Lars,Nagoya University,2013
Hida Haruzo,University of California - Los Angeles,2013
Higson Nigel,Pennsylvania State University,2013
Hill Michael A.,University of California - Los Angeles,2021
Hill Paul D.,Auburn University,2013
Hingston Nancy,The College of New Jersey,2017
Hinman Peter G.,University of Michigan,2013
Hirsch Morris W.,University of Wisconsin - Madison and University of California - Berkeley,2013
Hitchin Nigel,University of Oxford,2013
Hofer Helmut H. W.,Institute for Advanced Study,2013
Hoffman David A.,Stanford University,2018
Hoffstein Jeffrey,Brown University,2019
Hofmann Karl Heinrich,Technische Universität Darmstadt and Tulane University,2013
Hofmann Steven,University of Missouri-Columbia,2013
Holden Helge,Norwegian University of Science and Technology,2014
Holm Tara S.,Cornell University,2013
Holmes Philip ,Princeton University,2013
Holtz Olga V.,University of California - Berkeley,2016
Honda Ko,University of Southern California,2013
Hopkins Michael,Harvard University,2021
Hörmander Lars*,Lund University,2013
Hou Thomas Yizhao,California Institute of Technology,2013
Howard Louis*,Massachusetts Institute of Technology,2013
Howard William A.,University of Illinois at Chicago,2018
Howe Roger E.,Yale University,2013
Huang Xiaojun,Rutgers The State University of New Jersey New Brunswick,2014
Huber Peter J.,,2013
Huber-Klawitter Annette,University of Freiburg,2013
Huisgen-Zimmermann Birge,University of California - Santa Barbara,2013
Huisken Gerhard,Universität Tübingen,2013
Huneke Craig,University of Virginia,2013
Hunt Fern Yvette,National Institute of Standards and Technology,2019
Hurder Steven,University of Illinois at Chicago,2013
Hurtubise Jacques,McGill University,2013
Hutchings Michael,University of California - Berkeley,2013
Hwang Jun-Muk,Korea Institute for Advanced Study,2013
Igusa Jun-ichi*,Johns Hopkins University - Baltimore,2013
Igusa Kiyoshi,Brandeis University,2013
Ilyashenko Yulij,Cornell University and National Research University Higher School of Economics,2017
Ionel Eleny-Nicoleta,Stanford University,2020
Ionescu Alexandru,Princeton University,2018
Iosevich Alexander,University of Rochester,2014
Iozzi Alessandra,Eidgenössische Technische Hochschule Zürich (ETH Zürich),2022
Isaacs I. Martin,University of Wisconsin - Madison,2013
Isenberg James Allen,University of Oregon,2021
Ishii Hitoshi,Waseda University,2013
Ismail Mourad E. H.,University of Central Florida and King Saud University,2015
Its Alexander R.,Indiana University-Purdue University Indianapolis,2013
Ivanov Nikolai V.,Michigan State University,2013
Ivanov Sergei V.,University of Illinois - Urbana-Champaign,2019
Ivrii Victor,University of Toronto,2013
Iwaniec Henryk,Rutgers The State University of New Jersey New Brunswick,2013
Iyengar Srikanth B.,University of Utah,2014
Jackson Stephen C.,University of North Texas,2019
Jaco William H.,Oklahoma State University,2013
Jacob Bill,University of California - Santa Barbara,2013
Jacquet Herve,Columbia University,2013
Jaffe Arthur,Harvard University,2013
Jantzen Jens Carsten,Aarhus University,2013
Jeffrey Lisa,University of Toronto,2013
Jensen Robert R.,Loyola University of Chicago,2013
Jerison David S.,Massachusetts Institute of Technology,2013
Jiang Dihua,University of Minnesota-Twin Cities,2019
Jin Shi,Shanghai Jiao Tong University and University of Wisconsin - Madison,2013
Jockusch Carl G.,University of Illinois - Urbana-Champaign,2015
Johansson Kurt,KTH Royal Institute of Technology,2013
Johnson Raymond L.,University of Maryland at College Park,2022
Johnson William B.,Texas A&M University,2013
Jones Vaughan F.R.*,Vanderbilt University,2013
Jonsson Bjarni*,Vanderbilt University,2013
Jonsson Mattias,University of Michigan,2013
Jost Juergen,Max Planck Institute for Mathematics in the Sciences,2013
Junge Marius,University of Illinois - Urbana-Champaign,2017
Kac Victor G.,Massachusetts Institute of Technology,2013
Kadison Richard V.*,University of Pennsylvania,2013
Kahane Jean-Pierre*,Académie des sciences - Institut de France,2013
Kahle Matthew,Ohio State University - Columbus,2019
Kahn Jeff,Rutgers The State University of New Jersey New Brunswick,2013
Kailath Thomas,Stanford University,2018
Kalfagianni Efstratia (Effie),Michigan State University,2019
Kalman Rudolf*,Eidgenössische Technische Hochschule Zürich (ETH Zürich),2013
Kamran Niky,McGill University,2013
Kantor William M.,University of Oregon,2013
Kaper Tasso Joost,Boston University,2013
Kapovich IIya,University of Illinois - Urbana-Champaign,2013
Karoubi Max,Université Paris-Diderot,2013
Kassabov Martin,Cornell University,2016
Katok Anatole*,Pennsylvania State University,2013
Katok Svetlana,Pennsylvania State University,2013
Katz Sheldon,University of Illinois - Urbana-Champaign,2013
Katznelson Yitzhak,Stanford University and The Hebrew University of Jerusalem,2013
Kauffman Louis Hirsch,University of Illinois at Chicago,2013
Kazdan Jerry L.,University of Pennsylvania,2013
Kechris Alexander S.,California Institute of Technology,2013
Kedlaya Kiran S.,University of California - San Diego,2013
Keen Linda,The City University of New York - The Graduate Center and  Lehman College,2013
Keisler Howard Jerome,University of Wisconsin - Madison,2013
Keller Bernhard,Université Paris-Diderot,2013
Keller Joseph B.*,Stanford University,2013
Kenig Carlos E.,University of Chicago,2013
Kesten Harry*,Cornell University,2013
Kevrekidis Panayotis G.,University of Massachusetts - Amherst,2020
Keyes David Elliot,King Abdullah University of Science and Technology,2013
Keyfitz Barbara Lee,Ohio State University - Columbus,2013
Khare Chandrashekhar,University of California - Los Angeles,2013
Kharlampovich Olga,The City University of New York - Hunter College and The Graduate Center,2020
Khoshnevisan Davar,University of Utah,2020
Kiessling Michael K.-H.,Rutgers The State University of New Jersey New Brunswick,2013
Kifer Yuri I.,The Hebrew University of Jerusalem,2013
Kim Ju-Lee,Massachusetts Institute of Technology,2016
Kinderlehrer David,Carnegie Mellon University,2013
King Christopher,Northeastern University,2013
Kings Guido,Universität Regensburg,2013
Kirby Robion C.,University of California - Berkeley,2013
Kirillov Alexandre,University of Pennsylvania,2013
Kirkman Ellen E.,Wake Forest University,2013
Kirwan Frances,Mathematical Institute - Oxford University,2013
Kisin Mark,Harvard University,2013
Kister James M.*,University of Michigan,2013
Kjeldsen Tinne Hoff,University of Copenhagen,2013
Klainerman Sergiu,Princeton University,2018
Klawe Maria M.,Harvey Mudd College,2013
Kleiman Steven L.,Massachusetts Institute of Technology,2013
Klein Abel,University of California - Irvine,2013
Kleinbock Dmitry,Brandeis University,2017
Kleshchev Alexander,University of Oregon,2016
Knapp Anthony W.,Stony Brook University,2013
Knight Julia F.,University of Notre Dame,2013
Knuth Donald E.,Stanford University,2013
Knyazev Andrew,University of Colorado - Denver,2019
Kobayashi Toshiyuki,University of Tokyo,2017
Koch Robert J.,Louisiana State University - Baton Rouge,2013
Kohn Joseph J.,Princeton University,2013
Kohn Robert V.,New York University - Courant Institute,2013
Kollar Janos,Princeton University,2013
Kontorovich Alex,Rutgers The State University of New Jersey New Brunswick,2017
Konyagin Sergei,Steklov Institute of Mathematics of the Russian Academy of Sciences,2013
Kopell Nancy,Boston University,2016
Korevaar Jacob,Universiteit van Amsterdam,2013
Kosinski Antoni A.,Rutgers The State University of New Jersey New Brunswick,2013
Kostant Bertram*,Massachusetts Institute of Technology,2013
Kotschick D.,Ludwig-Maximilians-Universität München (LMU München),2013
Kottwitz Robert,University of Chicago,2013
Kovács Sándor,University of Washington,2022
Kra Bryna,Northwestern University,2013
Kra Irwin,Stony Brook University,2013
Kral Daniel,Masaryk University,2020
Krantz Steven G.,Washington University,2013
Krashen Daniel,University of Georgia,2017
Krasny Robert,University of Michigan,2013
Krattenthaler Christian,Universität Wien,2013
Krause Henning,Universität Bielefeld,2017
Krener Arthur J.,University of California - Davis,2015
Krieger Joachim,Ecole Polytechnique Fédérale de Lausanne (EPFL),2016
Krieger Wolfgang,University of Heidelberg,2013
Krivelevich Michael,Tel Aviv University,2017
Kuchment Peter,Texas A&M University,2013
Kuhn Nicholas J.,University of Virginia,2018
Kuijlaars Arno,KU Leuven,2013
Kukavica Igor,University of Southern California,2018
Kuku Aderemi Oluyomi*,Grambling State University,2013
Kumar Shrawan,University of North Carolina at Chapel Hill,2013
Kunze Ray*,University of Georgia and University of California - Irvine,2013
Kuperberg Greg,University of California - Davis,2013
Kuperberg Krystyna,Auburn University,2013
Kurtz Thomas G.,University of Wisconsin - Madison,2020
Kutzko Phil,University of Iowa,2015
Laba Izabella,University of British Columbia,2013
Lacampagne Carole B.*,Northern Illinois Univeresity,2013
Lacey Michael T.,Georgia Institute of Technology,2013
Lagarias Jeffrey C.,University of Michigan,2013
Lakey Joseph D.,New Mexico State University - Las Cruces,2013
Lakshmibai Venkatramani,Northeastern University,2013
Lalley Steven P.,University of Chicago,2013
Lam T. Y.,University of California - Berkeley,2013
Landsberg Joseph M.,Texas A&M University,2017
Landweber Peter S.,Rutgers The State University of New Jersey New Brunswick,2013
Lanford III Oscar E.*,Eidgenössische Technische Hochschule Zürich (ETH Zürich),2013
Lang Robert J.,Langorigami.com,2013
Langlands Robert P.,Institute for Advanced Study,2013
Lanzani Loredana,Syracuse University,2022
Lapidus Michel L.,University of California - Riverside,2013
Larsen Michael J.,Indiana University - Bloomington,2014
Larson David R.,Texas A&M University,2015
Lasiecka Irena,University of Memphis,2015
Latala Rafal,University of Warsaw,2013
Laubenbacher Reinhard Christian,Virginia Polytechnic Institute and State University,2013
Lauda Aaron D.,University of Southern California,2020
Laumon Gérard,CNRS and Université Paris-Sud (Paris XII),2013
Lauter Kristin E.,Microsoft Research,2015
Lawler Gregory F.,University of Chicago,2013
Lawrence Ruth,The Hebrew University of Jerusalem,2013
Lawson Jr.,Stony Brook University,2013
Lawson Tyler,University of Minnesota-Twin Cities,2022
Lawvere F. William,University at Buffalo,2013
Lax Peter D.,New York University - Courant Institute,2013
Lazarsfeld Robert,University of Michigan,2013
Lebowitz Joel L.,Rutgers The State University of New Jersey New Brunswick,2013
LeBrun Claude,Stony Brook University,2013
Leclerc Bernard,Université de Caen,2013
Lee Peng Yee,Nanyang Technological University,2013
Lehto Olli E.,University of Helsinki,2013
Leighton Tom,Massachusetts Institute of Technology,2013
Lempert Laszlo,Purdue University,2013
Lenhart Suzanne,University of Tennessee - Knoxville,2013
Lenstra Jr.,Universiteit Leiden,2013
Lepowsky James,Rutgers The State University of New Jersey New Brunswick,2013
Lerner Nicolas,Université Pierre et Marie Curie (Paris VI),2013
Leung Naichung Conan,The Chinese University of Hong Kong,2013
LeVeque Randall J.,University of Washington,2013
Levin Simon A.,Princeton University,2022
Levine Harold,Brandeis University,2013
Levine Lionel,Cornell University,2021
Levy Paul*,SUNY - Maritime College,2013
Lewicka Marta,University of Pittsburgh,2021
Lewis William James,University of Nebraska-Lincoln,2013
Li Congming,University of Colorado - Boulder and Shanghai Jiao Tong University,2017
Li Hanfeng,State University of New York at Buffalo,2021
Li Peter W-K,University of California - Irvine,2013
Li Tao,Boston College,2016
Li Wen-Ching Winnie,Pennsylvania State University,2013
Li Yanyan,Rutgers The State University of New Jersey New Brunswick,2013
Lichtenbaum Stephen,Brown University,2013
Lickorish W.B. Raymond,University of Cambridge,2019
Lieb Elliott H.,Princeton University,2013
Liebeck Martin,Imperial College,2020
Lieblich Max,University of Washington,2018
Liggett Thomas M.*,University of California - Los Angeles,2013
Lim Lek-Heng,University of Chicago,2020
Lin Fanghua,New York University - Courant Institute,2015
Lin Huaxin,University of Oregon,2013
Lin James P.,University of California - San Diego,2013
Lin Wen-Hsiung,National Tsing Hua University - Taiwan,2013
Lind Douglas,University of Washington,2013
Lindblad Hans,Johns Hopkins University - Baltimore,2015
Linial Nathan (Nati),The Hebrew University of Jerusalem,2013
Lipman Joseph,Purdue University,2013
Lipton Robert P.,Louisiana State University - Baton Rouge,2020
Liu Chiu-Chu Melissa,Columbia University,2013
Liu Jian-Guo,Duke University,2017
Liu Tai-Ping,Institute of Mathematics - Academia Sinica - ROC,2013
Lockhart Deborah Frank,National Science Foundation,2013
Loeb Peter Albert,University of Illinois - Urbana-Champaign,2013
Loepp Susan,Williams College,2013
Loeser Francois,Université Pierre et Marie Curie (Paris VI),2016
Long Darren,University of California - Santa Barbara,2014
Long Yiming,Chern Institute of Mathematics - Nankai University,2013
Longo Roberto,Università degli Studi di Milano,2013
Looijenga Eduard J.N.,Universiteit Utrecht and Tsinghua University,2013
López de Medrano Santiago,Universidad Nacional Autónoma de México,2013
Lorch Lee*,York University,2013
Loring Terry A.,University of New Mexico,2020
Losev Ivan,Northeastern University,2018
Loss Michael,Georgia Institute of Technology,2013
Lovász László,Eötvös Loránd University,2013
Lu Guozhen,University of Connecticut - Storrs,2018
Lu Kening,Brigham Young University,2021
Lu Zhiqin,University of California - Irvine,2013
Lubinsky Doron Shaul,Georgia Institute of Technology,2013
Lucier Bradley J.,Purdue University,2013
Ludwig Monika,Vienna University of Technology,2013
Lueck Wolfgang,Rheinische Friedrich-Wilhelms-Universität Bonn,2013
Luecke John,University of Texas at Austin,2013
Luks Eugene M.,University of Oregon,2013
Lunts Valery,Indiana University - Bloomington,2016
Luo Feng,Rutgers The State University of New Jersey New Brunswick,2018
Luskin Mitchell,University of Minnesota-Twin Cities,2015
Lusztig George,Massachusetts Institute of Technology,2013
Lutwak Erwin,NYU Polytechnic School of Engineering,2013
Lützen Jesper,Københavns Universitet,2013
Luxemburg Wilhelmus A.J.*,California Institute of Technology,2013
Lyons Richard N.,Rutgers The State University of New Jersey New Brunswick,2014
Lyons Russell,Indiana University - Bloomington,2013
Lyubich Mikhail,Stony Brook University,2013
Macdonald I.G.,Queen Mary - University of London,2013
MacPherson Robert D.,Institute for Advanced Study,2013
Madsen Ib,Københavns Universitet,2013
Maggioni Mauro,Duke University,2013
Magid Andy R.,University of Oklahoma,2013
Mahowald Mark*,Northwestern University,2013
Majda Andrew J.*,New York University - Courant Institute,2013
Makar-Limanov Leonid,Wayne State University,2013
Mallet-Paret John,Brown University,2013
Mandell Michael A.,Indiana University - Bloomington,2015
Manderscheid David C.,Ohio State University - Columbus,2013
Manolescu Ciprian,University of California - Los Angeles,2017
Marcus Brian,University of British Columbia,2018
Marden Albert,University of Minnesota-Twin Cities,2013
Mardešic Sibe*,Croatian Academy of Sciences and Arts,2013
Margalit Dan,Georgia Institute of Technology,2019
Margulis Gregory,Yale University,2013
Marker David E.,University of Illinois at Chicago,2013
Markowich Peter,King Abdullah University of Science and Technology,2022
Marques Fernando Codá,Princeton University,2018
Martin Donald A.,University of California - Los Angeles,2015
Martin Gaven John,Massey University,2013
Maskit Bernard,Stony Brook University,2013
Massey William Alfred,Princeton University,2013
Masur Howard,University of Chicago,2013
Matic Gordana,University of Georgia,2015
Mattingly Jonathan Christopher,Duke University,2015
Mattuck Arthur P.*,Massachusetts Institute of Technology,2013
May J. Peter,University of Chicago,2013
Mayboroda Svitlana,University of Minnesota-Twin Cities,2016
Maz'ya Vladimir G.,Mathematical Institute - Linkoeping University,2013
Mazur Barry,Harvard University,2013
Mazurov Victor Danilovich,Sobolev Institute of Mathematics of the Siberian Branch of the Russian Academy of Sciences,2013
Mazzeo Rafe,Stanford University,2013
McCallum William,University of Arizona,2013
McCann Robert John,University of Toronto,2013
McCarthy John Edward,Washington University,2019
McClure Donald E.,Brown University and American Mathematical Society,2013
McClure James E.,Purdue University,2013
McCrimmon Kevin M.,University of Virginia,2017
McDuff Dusa,Barnard College - Columbia University,2013
McKean Jr.,New York University - Courant Institute,2013
Mckenzie Ralph,Vanderbilt University,2016
McKernan James,University of California - San Diego,2020
Mclaughlin David,New York University - Courant Institute,2013
McLaughlin Joyce R.*,Rensselaer Polytechnic Institute,2013
McMullen Curtis T.,Harvard University,2013
McMullen Peter,University College London,2013
McNulty George F.,University of South Carolina,2013
Meakin John C.,University of Nebraska-Lincoln,2014
Megginson Robert Eugene,University of Michigan,2013
Mehrmann Volker,Technische Universität Berlin,2022
Merkurjev Alexander,University of California - Los Angeles,2013
Mese Chikako,Johns Hopkins University - Baltimore,2020
Mesirov Jill P.,Massachusetts Institute of Technology and Harvard University,2013
Meyer Kenneth R.,University of Cincinnati,2013
Meyer Yves F.,CMLA - École Normale Supérieure de Cachan,2013
Meyerhoff G. Robert,Boston College,2021
Meza Juan C.,University of California - Merced,2021
Miasnikov Alexei,Stevens Institute of Technology,2013
Michael Ernest A.*,University of Washington,2013
Michel Philippe,Ecole Polytechnique Fédérale de Lausanne (EPFL),2013
Milicic Dragan,University of Utah,2013
Miller Ezra,Duke University,2013
Miller Haynes R.,Massachusetts Institute of Technology,2013
Miller Stephen D.,Rutgers The State University of New Jersey New Brunswick,2018
Miller Steven Joel,Williams College,2019
Miller Jr.,University of Minnesota-Twin Cities,2015
Miller III Charles Frederick,University of Melbourne,2013
Millett Kenneth Cary,University of California - Santa Barbara,2013
Milman Vitali,Tel Aviv University,2013
Milne Stephen C.,Ohio State University - Columbus,2013
Milnor John Willard,Stony Brook University,2014
Minicozzi II William P.,Massachusetts Institute of Technology and Johns Hopkins University - Baltimore,2013
Minsky Yair Nathan,Yale University,2021
Mio Washington,Florida State University,2015
Miranda Rick,Colorado State University,2021
Mischaikow Konstantin,Rutgers The State University of New Jersey New Brunswick,2015
Misiurewicz Michal,Indiana University-Purdue University Indianapolis,2013
Misra Kailash C.,North Carolina State University,2014
Mitchell Stephen A.*,University of Washington,2013
Mitrea Irina,Temple University,2015
Mitrea Marius,Baylor University,2021
Mityagin Boris,Ohio State University - Columbus,2013
Miura Robert M.*,New Jersey Institute of Technology,2013
Mohar Bojan,Simon Fraser University,2020
Mok Ngaiming,The University of Hong Kong,2019
Molchanov Stanislav A.,University of North Carolina at Charlotte,2013
Monod Nicolas,Ecole Polytechnique Fédérale de Lausanne (EPFL),2013
Montgomery Hugh L.,University of Michigan,2013
Montgomery M. Susan,University of Southern California,2013
Montgomery Richard,University of California - Santa Cruz,2013
Moore Calvin C.,University of California - Berkeley,2013
Moore Cristopher,Santa Fe Institute,2016
Moore Gregory W.,Rutgers The State University of New Jersey New Brunswick,2013
Moore John*,Princeton University,2013
Moore Justin Tatch,Cornell University,2013
Morawetz Cathleen Synge*,New York University - Courant Institute,2013
Mordukhovich Boris,Wayne State University,2013
Morgan Frank,Williams College,2013
Morgan John W.,Stony Brook University,2013
Morrison David R.,University of California - Santa Barbara,2013
Morse Jennifer,University of Virginia,2021
Moschovakis Yiannis N.,University of California - Los Angeles,2016
Mosco Umberto,Worcester Polytechnic Institute,2017
Moscovici Henri,Ohio State University - Columbus,2013
Mosher Lee,Rutgers The State University of New Jersey Newark,2016
Mossel Elchanan,Massachusetts Institute of Technology,2019
Moy Allen,Hong Kong University of Science and Technology,2017
Mubayi Dhruv,University of Illinois at Chicago,2020
Muhly Paul S.,University of Iowa,2015
Müller Detlef,Christian-Albrechts-Universität zu Kiel,2018
Mumford David,Brown University,2013
Munkres James R.,Massachusetts Institute of Technology,2018
Murty M. Ram,Queen's University,2013
Murty V. Kumar,University of Toronto,2022
Muscalu Camil,Cornell University,2019
Mustata Mircea,University of Michigan,2013
Mycielski Jan,University of Colorado - Boulder,2013
N'Guerekata Gaston Mandata,Morgan State University,2022
Naber Aaron,Northwestern University,2018
Nachtergaele Bruno L.Z.,University of California - Davis,2013
Nadler David,University of California - Berkeley,2013
Nagel Alexander,University of Wisconsin - Madison,2013
Nahmod Andrea R.,University of Massachusetts - Amherst,2015
Nakano Daniel Ken,University of Georgia,2013
Namioka Isaac*,University of Washington,2013
Naor Assaf,New York University - Courant Institute,2013
Nash Jr.,Princeton University,2013
Nashed M. Zuhair,University of Central Florida,2013
Nathanson Melvyn B.,The City University of New York - The Graduate Center and  Lehman College,2018
Navarro Gabriel,University of Valencia,2015
Nebres Father Ben (Bienvenido),Ateneo de Manila University,2013
Needell Deanna,University of California - Los Angeles,2022
Neeman Itay,University of California - Los Angeles,2013
Neisendorfer Joseph,University of Rochester,2013
Neitzke Andrew,University of Texas at Austin,2019
Nekrashevych Volodymyr,Texas A&M University,2021
Nelson Edward*,Princeton University,2013
Nerode Anil,Cornell University,2013
Neuhauser Claudia,University of Minnesota-Rochester,2013
Neumann Walter D.,Barnard College - Columbia University,2013
Neveu Jacques Jean-Pierre*,Université Pierre et Marie Curie (Paris VI),2013
Nevins Thomas*,University of Illinois - Urbana-Champaign,2020
Nevo Amos,Technion - Israel Institute of Technology,2022
Newman Charles M.,New York University - Courant Institute and University of California - Irvine,2013
Ng Lenhard,Duke University,2019
Ni Lei,University of California - San Diego,2018
Niederreiter Harald,Austrian Academy of Sciences,2013
Nijenhuis Albert*,University of Pennsylvania,2013
Nikolski Nikolai,Université Bordeaux 1,2013
Nikshych Dmitri,University of New Hampshire,2013
Nirenberg Louis*,New York University - Courant Institute,2013
Nishida Takaaki,Kyoto University,2013
Niss Mogens,Roskilde University,2013
Nochetto Ricardo H.,University of Maryland,2013
Noll Walter*,Carnegie Mellon University,2013
Noumi Masatoshi,Kobe University,2013
Novik Isabella,University of Washington,2017
Nussbaum Roger D.,Rutgers The State University of New Jersey New Brunswick,2013
Nussenzveig Lopes Helena J.,Federal University - Rio de Janeiro,2020
O'Malley Robert E.,University of Washington,2013
Ochanine Serge,University of Kentucky,2013
Odell Edward*,University of Texas at Austin,2013
Odlyzko Andrew,University of Minnesota-Twin Cities,2013
Oh Hee,Brown University,2013
Oh Yong-Geun,University of Wisconsin - Madison,2013
Olevskii Alexander M.,Tel Aviv University,2013
Oliver Robert,Université Paris-Nord (Paris XIII),2013
Olshanskii Alexander,Vanderbilt University,2015
Olver Peter J.,University of Minnesota-Twin Cities,2013
Ono Ken ,University of Virginia,2013
Ono Takashi,Johns Hopkins University - Baltimore,2013
Ooguri Hirosi,California Institute of Technology,2013
Orlik Peter,University of Wisconsin - Madison,2013
Ornstein Donald S.,Stanford University,2013
Osborn Howard*,University of Illinois - Urbana-Champaign,2013
Osborn J. Marshall,University of Wisconsin - Madison,2013
Osher Stanley,University of California - Los Angeles,2013
Osin Denis,Vanderbilt University,2021
Osofsky Barbara L.,Rutgers The State University of New Jersey New Brunswick,2013
Osterwalder Konrad,Eidgenössische Technische Hochschule Zürich (ETH Zürich),2013
Oxley James,Louisiana State University - Baton Rouge,2013
Pach János,Ecole Polytechnique Fédérale de Lausanne (EPFL) and Alfréd Rényi Institute of Mathematics - Hungarian Academy of Sciences,2016
Palais Richard S.,University of California - Irvine,2013
Palamodov Victor P.,Tel Aviv University,2013
Pan Victor Y.,The City University of New York - The Graduate Center and  Lehman College,2014
Pantev Tony,University of Pennsylvania,2017
Papanicolaou George C.,Stanford University,2013
Papanikolas Matthew,Texas A&M University,2020
Pardon John,Princeton University,2018
Parimala Raman,Emory University,2013
Park Jongil,Seoul National University,2013
Parker Thomas H.,Michigan State University,2013
Parks Harold,Oregon State University,2013
Parshall Brian J.,University of Virginia,2013
Parshall Karen Hunger,University of Virginia,2013
Passman Donald S.,University of Wisconsin - Madison,2013
Pastur Leonid,B.I.Verkin Institute for Low Temperature Physics and Engineering,2013
Paule Peter,Research Institute for Symbolic Computation - Johannes Kepler University Linz,2014
Pavlovic Natasa,University of Texas at Austin,2016
Payne Kevin R.,Università degli Studi di Milano,2013
Peeva Irena,Cornell University,2014
Pego Robert L.,Carnegie Mellon University,2016
Pemantle Robin,University of Pennsylvania,2013
Peres Yuval,Microsoft Research,2013
Pesin Yakov B.,Pennsylvania State University,2013
Peskin Charles S.,New York University - Courant Institute,2013
Petersen Peter,University of California - Los Angeles,2020
Petryshyn Walter V.,Rutgers The State University of New Jersey New Brunswick,2013
Petters Arlie O.,Duke University,2013
Pevtsova Julia,University of Washington,2017
Phelps Robert R.*,University of Washington,2013
Phong Duong H.,Columbia University,2021
Piccoli Benedetto,Rutgers The State University of New Jersey Camden,2013
Piene Ragni,University of Oslo,2013
Pierce Lillian B.,Duke University,2021
Pillay Anand,University of Notre Dame,2013
Pipher Jill,Brown University,2013
Pippenger Nicholas,Harvey Mudd College,2013
Pisier Gilles,Texas A&M University,2013
Pitt Loren D.,University of Virginia,2013
Pless Vera*,University of Illinois at Chicago,2013
Polacik Peter,University of Minnesota-Twin Cities,2018
Polini Claudia,University of Notre Dame,2019
Polking John C.,Rice University,2013
Pollack Ricky*,New York University - Courant Institute,2013
Poltoratski Alex,Texas A&M University,2019
Pomerance Carl,Dartmouth College,2013
Ponce Gustavo,University of California - Santa Barbara,2013
Poonen Bjorn ,Massachusetts Institute of Technology,2013
Pop Florian,University of Pennsylvania,2013
Popa Mihnea,Northwestern University,2015
Popa Sorin,University of California - Los Angeles,2013
Popescu Cristian D.,University of California - San Diego,2021
Popov Vladimir L.,Steklov Institute of Mathematics of the Russian Academy of Sciences,2013
Porter Mason A.,University of California - Los Angeles,2018
Powers Robert,University of Pennsylvania,2013
Praeger Cheryl E.,The University of Western Australia,2013
Pramanik Malabika,University of British Columbia,2022
Prasad Gopal ,University of Michigan,2013
Previato Emma,Boston University,2013
Priddy Stewart B.,Northwestern University,2013
Pries Rachel Justine,Colorado State University,2018
Propp James,University of Massachusetts - Lowell,2016
Pukhlikov Aleksandr,The University of Liverpool,2013
Putman Andrew,University of Notre Dame,2018
Putnam Ian F.,University of Victoria,2013
Quinn III,Virginia Polytechnic Institute and State University,2013
Rabinowitz Paul H.,University of Wisconsin - Madison,2013
Radford David E.,University of Illinois at Chicago,2013
Radin Charles,University of Texas at Austin,2013
Radunskaya Ami,Pomona College,2017
Raghunathan Madabusi S.,Indian Institute of Technology,2013
Rains Eric M.,California Institute of Technology,2018
Ram Arun,University of Melbourne,2013
Ramakrishnan Dinakar,California Institute of Technology,2013
Ramanan Kavita,Brown University,2018
Randall Dana,Georgia Institute of Technology,2013
Rankin III,American Mathematical Society,2013
Rapinchuk Andrei,University of Virginia,2015
Ratiu Tudor S.,Ecole Polytechnique Fédérale de Lausanne (EPFL),2013
Rauch Jeffrey,University of Michigan,2013
Ravenel Douglas C.,University of Rochester,2013
Ray-Chaudhuri Dwijendra K.,Ohio State University - Columbus,2013
Raymond Frank ,University of Michigan,2013
Reed Michael C.,Duke University,2013
Reichstein Zinovy,University of British Columbia,2013
Reid Alan William,University of Texas at Austin,2013
Reiner Victor,University of Minnesota-Twin Cities,2013
Reiten Idun ,Norwegian University of Science and Technology,2013
Rempe-Gillen Lasse,The University of Liverpool,2017
Renardy Michael,Virginia Polytechnic Institute and State University,2013
Reshetikhin Nicolai,University of California - Berkeley,2022
Retakh Vladimir,Rutgers The State University of New Jersey New Brunswick,2019
Rezk Charles,University of Illinois - Urbana-Champaign,2015
Reznick Bruce,University of Illinois - Urbana-Champaign,2013
Ribet Kenneth Alan,University of California - Berkeley,2013
Richards Donald St. P.,Pennsylvania State University,2013
Richter Stefan,University of Tennessee - Knoxville,2013
Rieffel Marc A.,University of California - Berkeley,2013
Riehl Emily,Johns Hopkins University,2022
Ringel Claus Michael,Universität Bielefeld,2013
Rivin Igor,Temple University,2015
Robbin Joel,University of Wisconsin - Madison,2013
Roberts Fred S.,Rutgers The State University of New Jersey New Brunswick,2013
Roberts Paul C.,University of Utah,2013
Robertson Neil,Ohio State University - Columbus,2013
Robinson Clark,Northwestern University,2013
Rocha Alvany,The City University of New York - The Graduate Center and  Baruch College,2013
Rochberg Richard,Washington University,2013
Rodin Burt,University of California - San Diego,2013
Rodriguez Rodolfo,Universidad de Concepción,2013
Roe John*,Pennsylvania State University,2013
Rohrlich David,Boston University,2013
Roitman Judith,University of Kansas,2013
Rojas J. Maurice,Texas A&M University,2019
Rong Xiaochun,Rutgers The State University of New Jersey New Brunswick,2017
Rosales Rodolfo Ruben,Massachusetts Institute of Technology,2013
Rosenberg Jonathan,University of Maryland,2013
Rosenblatt Murray*,University of California - San Diego,2014
Rosendal Christian,University of Illinois at Chicago,2020
Rosenthal Haskell,University of Texas at Austin,2013
Rossi Hugo,University of Utah,2013
Rost Markus,Bielefeld University,2013
Rothschild Bruce L.,University of California - Los Angeles,2013
Rothschild Linda Preiss,University of California - San Diego,2013
Rotthaus Christel,Michigan State University,2013
Rouquier Raphaël,University of California - Los Angeles,2013
Rousseau Christiane,Université de Montréal,2013
Rowen Louis Halle,Bar-Ilan University,2014
Ru Min,University of Houston,2019
Ruan Yongbin,University of Michigan,2015
Ruberman Daniel,Brandeis University,2017
Rubin Herman*,Purdue University,2013
Rubin Karl,University of California - Irvine,2013
Rubinstein Joachim Hyam,University of Melbourne,2013
Rudakov Alexey N.,The Institute for System Research of the Russian Academy of Sciences,2013
Rudin Mary Ellen*,University of Wisconsin - Madison,2013
Rudnick Zeev,Tel Aviv University,2013
Ruelle David,Institut des Hautes Etudes Scientifiques (IHES),2013
Ruh Ernst,University of Freiburg,2013
Rumely Robert,University of Georgia,2016
Ruskai Mary Beth,Tufts University and Institute for Quantum Computing - Waterloo,2013
Russell K. Peter,McGill University,2014
Ruzsa Imre Z.,Alfréd Rényi Institute of Mathematics - Hungarian Academy of Sciences,2013
Saari Donald G.,University of California - Irvine,2013
Saff Edward,Vanderbilt University,2013
Safonov Mikhail,University of Minnesota-Twin Cities,2013
Sahi Siddhartha,Rutgers The State University of New Jersey New Brunswick,2021
Sakai Shoichiro,Nihon University,2013
Salamon Dietmar,Eidgenössische Technische Hochschule Zürich (ETH Zürich),2013
Sally Jr.,University of Chicago,2013
Saloff-Coste Laurent,Cornell University,2013
Saltman David J.,Center for Communications Research - Princeton - New Jersey,2013
Santosa Fadil,University of Minnesota-Twin Cities,2013
Sanz-Serna J. M.,Universidad de Valladolid,2013
Saper Leslie,Duke University,2013
Sapir Mark,Vanderbilt University,2013
Sarnak Peter,Princeton University and Institute for Advanced Study,2018
Saut Jean-Claude,Université Paris-Sud (Paris XI),2020
Savage Carla D.,North Carolina State University,2013
Savitt David,Johns Hopkins University - Baltimore,2017
Schacher Murray,University of California - Los Angeles,2013
Schafer Richard D.*,Massachusetts Institute of Technology,2013
Schapira Pierre,Université Pierre et Marie Curie (Paris VI),2013
Scharlemann Martin,University of California - Santa Barbara,2014
Schattschneider Doris J.,Moravian College,2013
Scheinerman Edward,Johns Hopkins University - Baltimore,2013
Schenck Hal,Auburn University and Iowa State University,2020
Schenker Jeffrey Hudson,Michigan State University,2020
Schick Thomas,Mathematics Institute - Georg-August University Göttingen,2019
Schilling Anne,University of California - Davis,2019
Schlag Wilhelm,University of Chicago,2015
Schlessinger Michael,University of North Carolina at Chapel Hill,2013
Schlumprecht Thomas,Texas A&M University,2016
Schmid Wilfried,Harvard University,2013
Schmidt Wolfgang M.,University of Colorado - Boulder,2013
Schneider Rolf,Albert-Ludwigs-Universitat,2015
Schoen Richard M.,Stanford University,2013
Schonbek Maria E.,University of California - Santa Cruz,2013
Schreyer Frank-Olaf,Universität des Saarlandes,2013
Schrijver Alexander,Centrum Wiskunde & Informatica and University of Amsterdam,2013
Schultz Reinhard E.,University of California - Riverside,2013
Schumaker Larry L.,Vanderbilt University,2018
Schupp Paul E.,University of Illinois - Urbana-Champaign,2013
Schwachhoefer Lorenz J.,TU Dortmund University,2013
Schwartz Richard Evan,Brown University,2017
Schwarz Albert,University of California - Davis,2018
Schwarz Gerald W.,Brandeis University,2013
Schwede Karl,University of Utah,2021
Schwede Stefan,Universität Bonn,2019
Schweitzer S.J.,Pontifícia Universidade Católica do Rio de Janeiro,2013
Scott Dana S.,Hillman University and Carnegie Mellon University,2013
Scott L. Ridgway,University of Chicago,2013
Scott Leonard L.,University of Virginia,2013
Scott Peter,University of Michigan,2013
Seeger Andreas,University of Wisconsin - Madison,2014
Seeley Robert T.*,University of Massachusetts - Boston,2013
Seidel Paul,Massachusetts Institute of Technology,2013
Seip Kristian,Norwegian University of Science and Technology,2013
Seiringer Robert,Institute of Science and Technology - Austria,2020
Seitz Gary M.,University of Oregon,2013
Sell George R.*,University of Minnesota-Twin Cities,2013
Semadeni Zbigniew,University of Warsaw,2013
Senechal Marjorie Wikler,Smith College,2013
Seppäläinen Timo,University of Wisconsin - Madison,2018
Series Caroline M.,University of Warwick,2013
Serre Denis,CNRS - École Normale Supérieure de Lyon,2015
Serre Jean-Pierre,Collège de France,2013
Seshadri Conjeeveram Srirangachari*,Chennai Mathematical Institute,2013
Sesum Natasa,Rutgers The State University of New Jersey New Brunswick,2016
Sethian James A.,University of California - Berkeley and Lawrence Berkeley National Laboratory,2013
Shah Nimish A.,Ohio State University - Columbus,2017
Shahidi Freydoon,Purdue University,2013
Shalen Peter B.,University of Illinois at Chicago,2017
Shaneson Julius L.,University of Pennsylvania,2019
Shapiro Mikhail,Michigan State University,2021
Shapiro Victor L.*,University of California - Riverside,2013
Shapley Lloyd Stowell*,University of California - Los Angeles,2013
Sharifi Romyar T.,University of California - Los Angeles,2020
Shaw Mei-Chi,University of Notre Dame,2013
Shearer Michael,North Carolina State University,2013
Shelstad Diana,Rutgers The State University of New Jersey Newark,2013
Shen Jie,Purdue University,2017
Shen Zhongwei,University of Kentucky,2013
Shen Zuowei,National University of Singapore,2017
Shepp Lawrence*,University of Pennsylvania,2013
Shestakov Ivan,Universidade de São Paulo,2017
Shiffman Bernard,Johns Hopkins University - Baltimore,2013
Shintani Toshitada,Tomakomai National College of Technology and Ecole Polytechnique Fédérale de Lausanne (EPFL),2013
Shipley Brooke,University of Illinois at Chicago,2015
Shivaji Ratnasingham,University of North Carolina at Greensboro,2019
Shkoller Steve,University of California - Davis,2020
Shlyakhtenko Dimitri,University of California - Los Angeles,2013
Shor Peter W.,Massachusetts Institute of Technology,2022
Shore Richard A.,Cornell University,2013
Shu Chi-Wang,Brown University,2013
Shub Michael,The City University of New York - The Graduate Center,2016
Shubin Mikhail,Northeastern University,2013
Shvydkoy Roman,University of Illinois at Chicago,2022
Sibner Lesley M.*,NYU Polytechnic School of Engineering,2013
Sideris Thomas C.,University of California - Santa Barbara,2016
Siebenmann Laurence C.,Université Paris-Sud (Paris XI),2013
Siegel Alan,Northrop Grumman Corporation,2013
Sigal Israel Michael,University of Toronto,2013
Silva Cesar E.,Williams College,2015
Silverberg Alice,University of California - Irvine,2013
Silverman Joseph H.,Brown University,2013
Simon Barry,California Institute of Technology,2013
Simon Leon,Stanford University,2013
Simoncini Valeria,Universita' di Bologna,2021
Sims Charles C.*,Rutgers The State University of New Jersey New Brunswick,2013
Sinai Yakov G.,Princeton University,2013
Singer Isadore M.*,Massachusetts Institute of Technology,2013
Singer Michael F.,North Carolina State University,2013
Sion Maurice*,University of British Columbia,2013
Sipser Michael,Massachusetts Institute of Technology,2016
Sire Yannick,Johns Hopkins University,2021
Skinner Christopher McLean,Princeton University,2013
Skorobogatov Alexei N.,Imperial College,2020
Slade Gordon,University of British Columbia,2013
Sloan Ian Hugh,University of New South Wales,2013
Sloane Neil J. A.,The OEIS Foundation Incorporated,2013
Small Lance W.,University of California - San Diego,2013
Smillie John,Cornell University,2013
Smirnov Stanislav,Université de Genève,2013
Smith David A.,Duke University,2013
Smith Karen E.,University of Michigan,2016
Smith Leslie M.,University of Wisconsin - Madison,2022
Smith Roger R.,Texas A&M University,2018
Smith Stephen D.,University of Illinois at Chicago,2013
Smoktunowicz Agata,University of Edinburgh,2013
Smoller Joel A.*,University of Michigan,2013
Soare Robert Irving,University of Chicago,2013
Soffer Avraham,Rutgers The State University of New Jersey New Brunswick,2016
Sogge Christopher D.,Johns Hopkins University - Baltimore,2013
Solomon Louis,University of Wisconsin - Madison,2013
Solomon Ronald Mark,Ohio State University - Columbus,2013
Solomyak Boris,University of Washington,2013
Solovej Jan Philip,University of Copenhagen,2022
Sommese Andrew J.,University of Notre Dame,2013
Sontag Eduardo Daniel,Rutgers The State University of New Jersey New Brunswick,2013
Sormani Christina,The City University of New York - Lehman College and  The Graduate Center,2015
Sottile Frank,Texas A&M University,2013
Souganidis Panagiotis E.,University of Chicago,2013
Soundararajan Kannan,Stanford University,2018
Spatzier Ralf J.,University of Michigan,2013
Speh Birgit,Cornell University,2013
Spencer Joel,New York University - Courant Institute,2013
Spruck Joel,Johns Hopkins University - Baltimore,2013
Srinivas Vasudevan,Tata Institute of Fundamental Research,2013
Srinivasan Aravind,University of Maryland,2019
Srinivasan Bhama,University of Illinois at Chicago,2013
Srinivasan Hema,University of Missouri-Columbia,2018
Staffans Olof J.,Åbo Akademi University,2013
Staffilani Gigliola,Massachusetts Institute of Technology,2013
Stafford J. T.,University of Manchester,2013
Stanley Richard P.,Massachusetts Institute of Technology,2013
Stanton Dennis,University of Minnesota-Twin Cities,2013
Stanton Nancy K.,University of Notre Dame,2013
Starbird Michael,University of Texas at Austin,2013
Starchenko Sergei,University of Notre Dame,2017
Stark Harold M.,University of California - San Diego,2013
Starr Jason,Stony Brook University,2017
Stasheff Jim,University of North Carolina at Chapel Hill and University of Pennsylvania,2013
Steen Lynn Arthur*,St Olaf College,2013
Stein Elias M.*,Princeton University,2013
Stein Michael R.,Northwestern University,2013
Stepanov Sergey A.,Institute for Information Transmission Problems,2013
Stern Mark,Duke University,2013
Stern Ronald J.,University of California - Irvine,2013
Sternberg Peter,Indiana University - Bloomington,2013
Stevens Glenn H.,Boston University,2016
Stevens T. Christine,St Louis University,2013
Stillman Michael,Cornell University,2015
Stillwell John,University of San Francisco,2013
Stone Charles J.*,University of California - Berkeley,2013
Størmer Erling,University of Oslo,2013
Strang Gilbert,Massachusetts Institute of Technology,2013
Strassen Volker,Universität Konstanz - Germany,2013
Straube Emil J.,Texas A&M University,2013
Strauss Walter A.,Brown University,2013
Streinu Ileana,Smith College,2013
Strichartz Robert*,Cornell University,2017
Strogatz Steven H.,Cornell University,2016
Stroock Daniel W.,Massachusetts Institute of Technology,2013
Struwe Michael,Eidgenössische Technische Hochschule Zürich (ETH Zürich),2013
Sturmfels Bernd,University of California - Berkeley,2013
Sudakov Benjamin,University of California - Los Angeles,2013
Sudan Madhu,Microsoft Research,2013
Sulem Catherine,University of Toronto,2013
Sullivan Dennis P.,The City University of New York - The Graduate Center,2013
Sullivan John M.,Technische Universität Berlin,2013
Sullivant Seth,North Carolina State University,2013
Sumners De Witt L.,Florida State University,2013
Sussmann Hector J.,Rutgers The State University of New Jersey New Brunswick,2013
Sutherland Andrew V.,Massachusetts Institute of Technology,2021
Swanson Irena,Reed College,2019
Swartz Ed,Cornell University,2018
Sweedler Moss Eisenberg,Cornell University,2013
Swierniak Andrzej,Silesian University of Technology,2013
Szarek Stanislaw,Case Western Reserve University,2013
Sznitman Alain-Sol,Eidgenössische Technische Hochschule Zürich (ETH Zürich),2013
Szpiro Lucien,The City University of New York - The Graduate Center,2013
Szyld Daniel B.,Temple University,2017
Tabachnikov Serge,Pennsylvania State University,2013
Tadmor Eitan A.,University of Maryland,2013
Takesaki Masamichi,University of California - Los Angeles,2013
Takhtajan Leon A.,Stony Brook University,2013
Tang Tao,Southern University of Science and Technology,2017
Tao Terence,University of California - Los Angeles,2013
Tapia Richard A.,Rice University,2021
Taqqu Murad S.,Boston University,2019
Tardos Eva,Cornell University,2013
Tataru Daniel Ioan,University of California - Berkeley,2013
Tate John T.*,University of Texas at Austin,2013
Tavaré Simon,University of Cambridge,2018
Taylor B. A.,University of Michigan,2013
Taylor Jean E.,Rutgers The State University of New Jersey New Brunswick and New York University - Courant Institute,2013
Taylor Michael E.,University of North Carolina at Chapel Hill,2013
Taylor Richard L.,Institute for Advanced Study and Stanford University,2013
Teissier Bernard,Institut mathématique de Jussieu,2013
Temam Roger M.,Indiana University - Bloomington,2013
Teran Joseph M.,University of California - Los Angeles,2018
Terng Chuu-Lian,University of California - Irvine,2013
Terras Audrey Anne,University of California - San Diego,2013
Tetali Prasad V.,Georgia Institute of Technology,2013
Thakur Dinesh S.,University of Rochester,2017
Thas Joseph A.,Universiteit Gent,2013
Thiele Christoph,University of California - Los Angeles,2013
Thistlethwaite Morwen,University of Tennessee - Knoxville,2022
Thomas Rekha R.,University of Washington,2013
Thomas Richard P.,Imperial College,2018
Thomas Robin*,Georgia Institute of Technology,2013
Thomas Simon,Rutgers The State University of New Jersey New Brunswick,2013
Thomee Vidar,Chalmers University of Technology,2013
Thompson Abigail A.,University of California - Davis,2013
Thurston Dylan Paul,Indiana University - Bloomington,2017
Tiep Pham Huu,University of Arizona,2013
Tierney Myles*,Université du Québec à Montréal,2013
Tillmann Ulrike Luise,University of Oxford,2013
Titi Edriss S.,Weizmann Institute of Science and University of California - Irvine,2013
Toledano Laredo Valerio,Northeastern University,2019
Toledo Domingo,University of Utah,2016
Tondeur Philippe,University of Illinois - Urbana-Champaign,2013
Toro Tatiana,University of Washington,2017
Torres Rodolfo H.,University of Kansas,2013
Tosatti Valentino,Northwestern University,2019
Totaro Burt,University of California - Los Angeles,2019
Totik Vilmos,University of South Florida and University of Szeged,2016
Tracy Craig A.,University of California - Davis,2013
Trapa Peter E.,University of Utah,2019
Traub Joseph F.*,Columbia University,2013
Trefethen Lloyd Nicholas,University of Oxford,2013
Treves Francois,Rutgers The State University of New Jersey New Brunswick,2013
Trlifaj Jan,Charles University,2020
Trudinger Neil S.,Australian National University,2013
Tschinkel Yuri,New York University - Courant Institute,2013
Tucker Alan,Stony Brook University,2013
Tunnell Jerrold B.,Rutgers The State University of New Jersey New Brunswick,2013
Turaev Vladimir,Indiana University - Bloomington,2016
Tymoczko Julianna,Smith College,2020
Tyson Jeremy T.,University of Illinois - Urbana-Champaign,2013
Uhlenbeck Karen K.,University of Texas at Austin,2013
Uhlmann Gunther,University of Washington,2013
Ulrich Bernd,Purdue University,2013
Upmeier Harald,Philipps-Universität Marburg,2013
Uribe Alejandro,University of Michigan,2013
Vaaler Jeffrey D.,University of Texas at Austin,2013
Vaes Stefaan,KU Leuven,2013
Vakil Ravi,Stanford University,2013
Vanderbei Robert J.,Princeton University,2014
Varadarajan Veeravalli S.*,University of California - Los Angeles,2013
Varadhan Srinivasa S.R.,New York University - Courant Institute,2013
Vardi Moshe Y.,Rice University,2019
Varga Richard Steven*,Kent State University - Kent,2013
Várilly-Alvarado Anthony,Rice University,2021
Vasquez Alphonse T.*,The City University of New York - The Graduate Center,2013
Vasseur Alexis,University of Texas at Austin,2016
Vasy Andras,Stanford University,2013
Vaughan Robert Charles,Pennsylvania State University,2013
Vazquez Juan Luis,Universidad Autónoma de Madrid,2013
Vazquez Mariel,University of California - Davis,2020
Veech William A.*,Rice University,2013
Vega Luis,Universidad del País Vasco,2013
Velez William Yslas,University of Arizona,2013
Vempala Santosh Srinivas,Georgia Institute of Technology,2022
Venkataramana Tyakal N.,Tata Institute of Fundamental Research,2013
Vergne Michèle,Académie des sciences - Institut de France,2013
Verjovsky Alberto,Instituto de Matemáticas Universidad Nacional Autónoma de México,2013
Vershik Anatolii,St. Petersburg Department of Steklov Institute of Mathematics of Russian Academy of Sciences,2013
Viaclovsky Jeffrey A.,University of California - Irvine,2021
Vigneras Marie-France,Université Paris-Diderot,2018
Vigoda Eric,Georgia Institute of Technology,2019
Vinet Luc,Université de Montréal,2018
Viray Bianca,University of Washington,2021
Viro Oleg,Stony Brook University,2013
Vitulli Marie A.,University of Oregon,2020
Vogan Jr.,Massachusetts Institute of Technology,2013
Vogelius Michael S.,Rutgers The State University of New Jersey New Brunswick,2013
Vogtmann Karen,Cornell University,2013
Voiculescu Dan-Virgil,University of California - Berkeley,2013
Vojta Paul,University of California - Berkeley,2013
Volberg Alexander L.,Michigan State University,2021
Voronov Alexander A.,University of Minnesota-Twin Cities,2019
Vu Van H.,Yale University,2013
Wachs Michelle L.,University of Miami,2013
Wahl Jonathan,University of North Carolina at Chapel Hill,2013
Wainger Stephen,University of Wisconsin - Madison,2013
Walker Judy L.,University of Nebraska-Lincoln,2013
Walker Mark E.,University of Nebraska-Lincoln,2020
Wall Charles Terence C.,University of Liverpool,2013
Wallach Nolan R.,University of California - San Diego,2013
Walling Lynne H.*,University of Bristol,2013
Walsh John J.,Cleveland State University,2013
Walter John H.*,University of Illinois - Urbana-Champaign,2013
Wang Mu-Tao,Columbia University,2013
Wang Shouhong,Indiana University - Bloomington,2014
Wang Weiqiang,University of Virginia,2018
Wang Zhenghan,University of California - Santa Barbara,2019
Wang Zhi-Qiang,Utah State University,2015
Ward Lewis E.*,University of Oregon,2013
Washington Talitha M.,Clark Atlanta University and Atlanta University Center,2021
Wayne C. Eugene,Boston University,2015
Webb Glenn F.,Vanderbilt University,2013
Webster Sidney,University of Chicago,2013
Wehrheim Katrin,Massachusetts Institute of Technology,2013
Wei Guofang,University of California - Santa Barbara,2014
Weibel Charles A.,Rutgers The State University of New Jersey New Brunswick,2015
Weikard Rudi,University of Alabama at Birmingham,2013
Weinberger Hans*,University of Minnesota-Twin Cities,2013
Weinberger Shmuel,University of Chicago,2013
Weinkove Ben,Northwestern University,2017
Weinstein Alan,University of California - Berkeley,2013
Weinstein Michael I.,Columbia University,2014
Weiss Benjamin,The Hebrew University of Jerusalem,2013
Weiss Guido*,Washington University,2013
Weiss Richard M.,Tufts University,2018
Wells Jr.,Jacobs University,2013
Wendland Katrin,Mathematics Institute - Freiburg University,2013
Wente Henry*,University of Toledo,2013
Wentworth Richard Alan,University of Maryland,2013
Wermer John,Brown University,2013
Werner Elisabeth M.,Case Western Reserve University,2013
West James E.,Cornell University,2013
White Brian,Stanford University,2013
Wick Brett D.,Georgia Institute of Technology,2013
Widlund Olof B.,New York University - Courant Institute,2019
Widom Harold*,University of California - Santa Cruz,2013
Wiegand Roger,University of Nebraska-Lincoln,2013
Wiegand Sylvia Margaret,University of Nebraska-Lincoln,2013
Wienhard Anna,Princeton University and University of Heidelberg,2013
Wilkerson Jr.,Texas A&M University,2013
Wilkie Alex J.,University of Manchester,2013
Wilkinson Amie,University of Chicago,2014
Willems Jan C.*,KU Leuven,2013
Willenbring Jeb F.,University of Wisconsin - Milwaukee,2013
Williams Floyd L.,University of Massachusetts - Amherst,2013
Williams Lauren Kiyomi,University of California - Berkeley,2013
Williams Robert F.,University of Texas at Austin,2013
Williams Ruth J.,University of California - San Diego,2013
Wilson Robert Lee,Rutgers The State University of New Jersey New Brunswick,2013
Wilson W. Stephen,Johns Hopkins University - Baltimore,2013
Winther Ragnar,Centre of Mathematics for Applications - University of Oslo,2013
Witherspoon Sarah,Texas A&M University,2018
Witten Edward,Institute for Advanced Study,2013
Wolf Joseph A.,University of California - Berkeley,2013
Wolf Michael,Rice University,2013
Wolfram Stephen,Wolfram Research,2013
Wolpert Scott A.,University of Maryland,2013
Wood Carol S.,Wesleyan University,2013
Wood Melanie Matchett,University of Wisconsin - Madison,2013
Woodward Christopher Thomas,Rutgers The State University of New Jersey New Brunswick,2015
Wooley Trevor D.,University of Bristol,2013
Wright David J.,Oklahoma State University,2013
Wright Margaret H.,New York University - Courant Institute,2013
Wu Jang-Mei,University of Illinois - Urbana-Champaign,2020
Wunsch Jared,Northwestern University,2013
Xin Jack,University of California - Irvine,2013
Xu Chenyang,Massachusetts Institute of Technology,2020
Xu Jinchao,Pennsylvania State University,2013
Yakimov Milen,Louisiana State University - Baton Rouge,2018
Yan Catherine Huafei,Texas A&M University,2018
Yang Deane,NYU Polytechnic School of Engineering,2013
Yang Paul C.,Princeton University,2013
Yang Tong,City University of Hong Kong,2021
Yang Tonghai,University of Wisconsin - Madison,2019
Yang Yisong,NYU Polytechnic School of Engineering,2013
Yau Horng-Tzer,Harvard University,2013
Yau Shing Tung,Harvard University,2013
Yau Stephen S.-T.,Tsinghua University,2013
Yeung Sai-Kee,Purdue University,2020
Yorke James A.,University of Maryland,2013
Younes Laurent,Johns Hopkins University,2021
Yu Guoliang,Texas A&M University,2013
Yu Jing,National Taiwan University,2013
Yu Jiu-Kang,The Chinese University of Hong Kong,2013
Yuan Ya-xiang,Chinese Academy of Sciences,2013
Yun Zhiwei,Massachusetts Institute of Technology,2019
Zaharescu Alexandru,University of Illinois - Urbana-Champaign and Romanian Academy - Institute of Mathematics,2017
Zakharov Vladimir,University of Arizona,2013
Zalcman Lawrence,Bar-Ilan University,2013
Zaslow Eric,Northwestern University,2021
Zehnder Eduard,Eidgenössische Technische Hochschule Zürich (ETH Zürich),2013
Zeilberger Doron,Rutgers The State University of New Jersey New Brunswick,2013
Zeitouni Ofer,Weizmann Institute of Science,2017
Zelditch Steve*,Northwestern University,2013
Zelevinsky Andrei V.*,Northeastern University,2013
Zelmanov Efim I.,University of California - San Diego,2013
Zeng Chongchun,Georgia Institute of Technology,2019
Zhang Gaoyong,NYU Polytechnic School of Engineering,2013
Zhang James J.,University of Washington,2013
Zhang Shou-Wu,Princeton University,2016
Zhang Wei,Massachusetts Institute of Technology,2019
Zhevandrov Peter,University of Michoacan,2013
Ziegler Günter M.,Freie Universität Berlin,2013
Zimmer Robert J.,University of Chicago,2013
Zou Jun,The Chinese University of Hong Kong,2022
Zucker Steven M.*,Johns Hopkins University - Baltimore,2013
Zumbrun Kevin R.,Indiana University - Bloomington,2014
